size,min_photos,energy,k,metric,eps_f,eps_id,auto,acc,f1
"(64, 64)",50,0.8,59,l2,,,False,0.4,0.3291783948452518
"(64, 64)",50,0.8,59,l2,,0.01,False,0.0,0.0
"(64, 64)",50,0.8,59,l2,,0.1,False,0.0,0.0
"(64, 64)",50,0.8,59,l2,,1.0,False,0.0,0.0
"(64, 64)",50,0.8,59,l2,,4763.8828016446505,True,0.4,0.3291783948452518
"(64, 64)",50,0.8,59,cosine,,,False,0.3769230769230769,0.33813807486044595
"(64, 64)",50,0.8,59,cosine,,0.01,False,0.3769230769230769,0.33813807486044595
"(64, 64)",50,0.8,59,cosine,,0.1,False,0.3769230769230769,0.33813807486044595
"(64, 64)",50,0.8,59,cosine,,1.0,False,0.0,0.0
"(64, 64)",50,0.8,59,cosine,,0.007831100831755117,True,0.3769230769230769,0.33813807486044595
"(64, 64)",50,0.9,153,l2,,,False,0.4,0.35086861844123557
"(64, 64)",50,0.9,153,l2,,0.01,False,0.0,0.0
"(64, 64)",50,0.9,153,l2,,0.1,False,0.0,0.0
"(64, 64)",50,0.9,153,l2,,1.0,False,0.0,0.0
"(64, 64)",50,0.9,153,l2,,5056.017653020335,True,0.4,0.35086861844123557
"(64, 64)",50,0.9,153,cosine,,,False,0.3923076923076923,0.34847877215326256
"(64, 64)",50,0.9,153,cosine,,0.01,False,0.3923076923076923,0.34847877215326256
"(64, 64)",50,0.9,153,cosine,,0.1,False,0.3923076923076923,0.34847877215326256
"(64, 64)",50,0.9,153,cosine,,1.0,False,0.0,0.0
"(64, 64)",50,0.9,153,cosine,,0.007427624946076017,True,0.3923076923076923,0.34847877215326256
"(64, 64)",50,0.95,290,l2,,,False,0.37948717948717947,0.3353002410371135
"(64, 64)",50,0.95,290,l2,,0.01,False,0.0,0.0
"(64, 64)",50,0.95,290,l2,,0.1,False,0.0,0.0
"(64, 64)",50,0.95,290,l2,,1.0,False,0.0,0.0
"(64, 64)",50,0.95,290,l2,,5187.435203172581,True,0.37948717948717947,0.3353002410371135
"(64, 64)",50,0.95,290,cosine,,,False,0.39487179487179486,0.350175510686094
"(64, 64)",50,0.95,290,cosine,,0.01,False,0.39487179487179486,0.350175510686094
"(64, 64)",50,0.95,290,cosine,,0.1,False,0.39487179487179486,0.350175510686094
"(64, 64)",50,0.95,290,cosine,,1.0,False,0.0,0.0
"(64, 64)",50,0.95,290,cosine,,0.008231485377496656,True,0.39487179487179486,0.350175510686094
"(64, 64)",50,0.99,619,l2,,,False,0.36666666666666664,0.32203167227685064
"(64, 64)",50,0.99,619,l2,,0.01,False,0.0,0.0
"(64, 64)",50,0.99,619,l2,,0.1,False,0.0,0.0
"(64, 64)",50,0.99,619,l2,,1.0,False,0.0,0.0
"(64, 64)",50,0.99,619,l2,,5302.60139512806,True,0.36666666666666664,0.32203167227685064
"(64, 64)",50,0.99,619,cosine,,,False,0.37948717948717947,0.32599752101065615
"(64, 64)",50,0.99,619,cosine,,0.01,False,0.37948717948717947,0.32599752101065615
"(64, 64)",50,0.99,619,cosine,,0.1,False,0.37948717948717947,0.32599752101065615
"(64, 64)",50,0.99,619,cosine,,1.0,False,0.0,0.0
"(64, 64)",50,0.99,619,cosine,,0.008531705086312874,True,0.37948717948717947,0.32599752101065615
"(64, 64)",25,0.8,60,l2,,,False,0.19629057187017002,0.14012658884903434
"(64, 64)",25,0.8,60,l2,,0.01,False,0.0,0.0
"(64, 64)",25,0.8,60,l2,,0.1,False,0.0,0.0
"(64, 64)",25,0.8,60,l2,,1.0,False,0.0,0.0
"(64, 64)",25,0.8,60,l2,,4824.305794853177,True,0.19629057187017002,0.14012658884903434
"(64, 64)",25,0.8,60,cosine,,,False,0.21020092735703247,0.15139318997581594
"(64, 64)",25,0.8,60,cosine,,0.01,False,0.21020092735703247,0.15139318997581594
"(64, 64)",25,0.8,60,cosine,,0.1,False,0.21020092735703247,0.15139318997581594
"(64, 64)",25,0.8,60,cosine,,1.0,False,0.0,0.0
"(64, 64)",25,0.8,60,cosine,,0.016508106943819323,True,0.21020092735703247,0.15139318997581594
"(64, 64)",25,0.9,169,l2,,,False,0.18238021638330756,0.13067589920268124
"(64, 64)",25,0.9,169,l2,,0.01,False,0.0,0.0
"(64, 64)",25,0.9,169,l2,,0.1,False,0.0,0.0
"(64, 64)",25,0.9,169,l2,,1.0,False,0.0,0.0
"(64, 64)",25,0.9,169,l2,,5138.193726503687,True,0.18238021638330756,0.13067589920268124
"(64, 64)",25,0.9,169,cosine,,,False,0.20865533230293662,0.15384805698985288
"(64, 64)",25,0.9,169,cosine,,0.01,False,0.20865533230293662,0.15384805698985288
"(64, 64)",25,0.9,169,cosine,,0.1,False,0.20865533230293662,0.15384805698985288
"(64, 64)",25,0.9,169,cosine,,1.0,False,0.0,0.0
"(64, 64)",25,0.9,169,cosine,,0.013992456988427646,True,0.20865533230293662,0.15384805698985288
"(64, 64)",25,0.95,347,l2,,,False,0.18238021638330756,0.12794664891118923
"(64, 64)",25,0.95,347,l2,,0.01,False,0.0,0.0
"(64, 64)",25,0.95,347,l2,,0.1,False,0.0,0.0
"(64, 64)",25,0.95,347,l2,,1.0,False,0.0,0.0
"(64, 64)",25,0.95,347,l2,,5283.989414673522,True,0.18238021638330756,0.12794664891118923
"(64, 64)",25,0.95,347,cosine,,,False,0.20556414219474498,0.14715266960679307
"(64, 64)",25,0.95,347,cosine,,0.01,False,0.20556414219474498,0.14715266960679307
"(64, 64)",25,0.95,347,cosine,,0.1,False,0.20556414219474498,0.14715266960679307
"(64, 64)",25,0.95,347,cosine,,1.0,False,0.0,0.0
"(64, 64)",25,0.95,347,cosine,,0.013378357549933703,True,0.20556414219474498,0.14715266960679307
"(64, 64)",25,0.99,854,l2,,,False,0.18547140649149924,0.13064373135555027
"(64, 64)",25,0.99,854,l2,,0.01,False,0.0,0.0
"(64, 64)",25,0.99,854,l2,,0.1,False,0.0,0.0
"(64, 64)",25,0.99,854,l2,,1.0,False,0.0,0.0
"(64, 64)",25,0.99,854,l2,,5411.848498236497,True,0.18547140649149924,0.13064373135555027
"(64, 64)",25,0.99,854,cosine,,,False,0.2071097372488408,0.1507712382604755
"(64, 64)",25,0.99,854,cosine,,0.01,False,0.2071097372488408,0.1507712382604755
"(64, 64)",25,0.99,854,cosine,,0.1,False,0.2071097372488408,0.1507712382604755
"(64, 64)",25,0.99,854,cosine,,1.0,False,0.0,0.0
"(64, 64)",25,0.99,854,cosine,,0.012220283064861975,True,0.2071097372488408,0.1507712382604755
"(64, 64)",20,0.8,61,l2,,,False,0.164021164021164,0.10351773216024072
"(64, 64)",20,0.8,61,l2,,0.01,False,0.0,0.0
"(64, 64)",20,0.8,61,l2,,0.1,False,0.0,0.0
"(64, 64)",20,0.8,61,l2,,1.0,False,0.0,0.0
"(64, 64)",20,0.8,61,l2,,4939.901647774677,True,0.164021164021164,0.10351773216024072
"(64, 64)",20,0.8,61,cosine,,,False,0.1746031746031746,0.11161393891825913
"(64, 64)",20,0.8,61,cosine,,0.01,False,0.1746031746031746,0.11161393891825913
"(64, 64)",20,0.8,61,cosine,,0.1,False,0.1746031746031746,0.11161393891825913
"(64, 64)",20,0.8,61,cosine,,1.0,False,0.0,0.0
"(64, 64)",20,0.8,61,cosine,,0.015708780415726167,True,0.1746031746031746,0.11161393891825913
"(64, 64)",20,0.9,175,l2,,,False,0.164021164021164,0.10826835591566158
"(64, 64)",20,0.9,175,l2,,0.01,False,0.0,0.0
"(64, 64)",20,0.9,175,l2,,0.1,False,0.0,0.0
"(64, 64)",20,0.9,175,l2,,1.0,False,0.0,0.0
"(64, 64)",20,0.9,175,l2,,5253.230067735579,True,0.164021164021164,0.10826835591566158
"(64, 64)",20,0.9,175,cosine,,,False,0.1746031746031746,0.11952871944202091
"(64, 64)",20,0.9,175,cosine,,0.01,False,0.1746031746031746,0.11952871944202091
"(64, 64)",20,0.9,175,cosine,,0.1,False,0.1746031746031746,0.11952871944202091
"(64, 64)",20,0.9,175,cosine,,1.0,False,0.0,0.0
"(64, 64)",20,0.9,175,cosine,,0.012962896049263872,True,0.1746031746031746,0.11952871944202091
"(64, 64)",20,0.95,365,l2,,,False,0.164021164021164,0.10864848872981019
"(64, 64)",20,0.95,365,l2,,0.01,False,0.0,0.0
"(64, 64)",20,0.95,365,l2,,0.1,False,0.0,0.0
"(64, 64)",20,0.95,365,l2,,1.0,False,0.0,0.0
"(64, 64)",20,0.95,365,l2,,5391.850213540986,True,0.164021164021164,0.10864848872981019
"(64, 64)",20,0.95,365,cosine,,,False,0.17195767195767195,0.1110840546023903
"(64, 64)",20,0.95,365,cosine,,0.01,False,0.17195767195767195,0.1110840546023903
"(64, 64)",20,0.95,365,cosine,,0.1,False,0.17195767195767195,0.1110840546023903
"(64, 64)",20,0.95,365,cosine,,1.0,False,0.0,0.0
"(64, 64)",20,0.95,365,cosine,,0.011102905317917827,True,0.17195767195767195,0.1110840546023903
"(64, 64)",20,0.99,935,l2,,,False,0.16005291005291006,0.10781334080108716
"(64, 64)",20,0.99,935,l2,,0.01,False,0.0,0.0
"(64, 64)",20,0.99,935,l2,,0.1,False,0.0,0.0
"(64, 64)",20,0.99,935,l2,,1.0,False,0.0,0.0
"(64, 64)",20,0.99,935,l2,,5521.499679034716,True,0.16005291005291006,0.10781334080108716
"(64, 64)",20,0.99,935,cosine,,,False,0.1746031746031746,0.11402927867021102
"(64, 64)",20,0.99,935,cosine,,0.01,False,0.1746031746031746,0.11402927867021102
"(64, 64)",20,0.99,935,cosine,,0.1,False,0.1746031746031746,0.11402927867021102
"(64, 64)",20,0.99,935,cosine,,1.0,False,0.0,0.0
"(64, 64)",20,0.99,935,cosine,,0.01033239712614678,True,0.1746031746031746,0.11402927867021102
"(64, 64)",10,0.8,62,l2,,,False,0.11008325624421832,0.05630893048807827
"(64, 64)",10,0.8,62,l2,,0.01,False,0.0,0.0
"(64, 64)",10,0.8,62,l2,,0.1,False,0.0,0.0
"(64, 64)",10,0.8,62,l2,,1.0,False,0.0,0.0
"(64, 64)",10,0.8,62,l2,,4832.186940864912,True,0.11008325624421832,0.05630893048807827
"(64, 64)",10,0.8,62,cosine,,,False,0.10823311748381129,0.05273320259836732
"(64, 64)",10,0.8,62,cosine,,0.01,False,0.10823311748381129,0.05273320259836732
"(64, 64)",10,0.8,62,cosine,,0.1,False,0.10823311748381129,0.05273320259836732
"(64, 64)",10,0.8,62,cosine,,1.0,False,0.0,0.0
"(64, 64)",10,0.8,62,cosine,,0.01845616221359213,True,0.10823311748381129,0.05273320259836732
"(64, 64)",10,0.9,185,l2,,,False,0.10453283996299723,0.05240866009023984
"(64, 64)",10,0.9,185,l2,,0.01,False,0.0,0.0
"(64, 64)",10,0.9,185,l2,,0.1,False,0.0,0.0
"(64, 64)",10,0.9,185,l2,,1.0,False,0.0,0.0
"(64, 64)",10,0.9,185,l2,,5158.124138865463,True,0.10453283996299723,0.05240866009023984
"(64, 64)",10,0.9,185,cosine,,,False,0.1091581868640148,0.05300283665278841
"(64, 64)",10,0.9,185,cosine,,0.01,False,0.1091581868640148,0.05300283665278841
"(64, 64)",10,0.9,185,cosine,,0.1,False,0.1091581868640148,0.05300283665278841
"(64, 64)",10,0.9,185,cosine,,1.0,False,0.0,0.0
"(64, 64)",10,0.9,185,cosine,,0.01651309818209075,True,0.1091581868640148,0.05300283665278841
"(64, 64)",10,0.95,403,l2,,,False,0.11193339500462535,0.06228427533459868
"(64, 64)",10,0.95,403,l2,,0.01,False,0.0,0.0
"(64, 64)",10,0.95,403,l2,,0.1,False,0.0,0.0
"(64, 64)",10,0.95,403,l2,,1.0,False,0.0,0.0
"(64, 64)",10,0.95,403,l2,,5308.293248018704,True,0.11193339500462535,0.06228427533459868
"(64, 64)",10,0.95,403,cosine,,,False,0.11655874190564293,0.054399816471601324
"(64, 64)",10,0.95,403,cosine,,0.01,False,0.11655874190564293,0.054399816471601324
"(64, 64)",10,0.95,403,cosine,,0.1,False,0.11655874190564293,0.054399816471601324
"(64, 64)",10,0.95,403,cosine,,1.0,False,0.0,0.0
"(64, 64)",10,0.95,403,cosine,,0.01597010899062358,True,0.11655874190564293,0.054399816471601324
"(64, 64)",10,0.99,1120,l2,,,False,0.11285846438482887,0.06202987760791351
"(64, 64)",10,0.99,1120,l2,,0.01,False,0.0,0.0
"(64, 64)",10,0.99,1120,l2,,0.1,False,0.0,0.0
"(64, 64)",10,0.99,1120,l2,,1.0,False,0.0,0.0
"(64, 64)",10,0.99,1120,l2,,5442.265567951514,True,0.11285846438482887,0.06202987760791351
"(64, 64)",10,0.99,1120,cosine,,,False,0.11655874190564293,0.05645021954194293
"(64, 64)",10,0.99,1120,cosine,,0.01,False,0.11655874190564293,0.05645021954194293
"(64, 64)",10,0.99,1120,cosine,,0.1,False,0.11655874190564293,0.05645021954194293
"(64, 64)",10,0.99,1120,cosine,,1.0,False,0.0,0.0
"(64, 64)",10,0.99,1120,cosine,,0.014750426944109218,True,0.11655874190564293,0.05645021954194293
"(64, 64)",5,0.8,62,l2,,,False,0.08016032064128256,0.04131837441601817
"(64, 64)",5,0.8,62,l2,,0.01,False,0.0,0.0
"(64, 64)",5,0.8,62,l2,,0.1,False,0.0,0.0
"(64, 64)",5,0.8,62,l2,,1.0,False,0.0,0.0
"(64, 64)",5,0.8,62,l2,,4826.667841503937,True,0.08016032064128256,0.04131837441601817
"(64, 64)",5,0.8,62,cosine,,,False,0.07414829659318638,0.039113558730568806
"(64, 64)",5,0.8,62,cosine,,0.01,False,0.07414829659318638,0.039113558730568806
"(64, 64)",5,0.8,62,cosine,,0.1,False,0.07414829659318638,0.039113558730568806
"(64, 64)",5,0.8,62,cosine,,1.0,False,0.0,0.0
"(64, 64)",5,0.8,62,cosine,,0.03998113719096237,True,0.07414829659318638,0.039113558730568806
"(64, 64)",5,0.9,192,l2,,,False,0.08617234468937876,0.03986409549783948
"(64, 64)",5,0.9,192,l2,,0.01,False,0.0,0.0
"(64, 64)",5,0.9,192,l2,,0.1,False,0.0,0.0
"(64, 64)",5,0.9,192,l2,,1.0,False,0.0,0.0
"(64, 64)",5,0.9,192,l2,,5161.954703105664,True,0.08617234468937876,0.03986409549783948
"(64, 64)",5,0.9,192,cosine,,,False,0.08149632598530394,0.04017113150634947
"(64, 64)",5,0.9,192,cosine,,0.01,False,0.08149632598530394,0.04017113150634947
"(64, 64)",5,0.9,192,cosine,,0.1,False,0.08149632598530394,0.04017113150634947
"(64, 64)",5,0.9,192,cosine,,1.0,False,0.0,0.0
"(64, 64)",5,0.9,192,cosine,,0.035972107449930346,True,0.08149632598530394,0.04017113150634947
"(64, 64)",5,0.95,435,l2,,,False,0.08082832331329326,0.03336087250028006
"(64, 64)",5,0.95,435,l2,,0.01,False,0.0,0.0
"(64, 64)",5,0.95,435,l2,,0.1,False,0.0,0.0
"(64, 64)",5,0.95,435,l2,,1.0,False,0.0,0.0
"(64, 64)",5,0.95,435,l2,,5318.925688309751,True,0.08082832331329326,0.03336087250028006
"(64, 64)",5,0.95,435,cosine,,,False,0.0841683366733467,0.04231805134526786
"(64, 64)",5,0.95,435,cosine,,0.01,False,0.0841683366733467,0.04231805134526786
"(64, 64)",5,0.95,435,cosine,,0.1,False,0.0841683366733467,0.04231805134526786
"(64, 64)",5,0.95,435,cosine,,1.0,False,0.0,0.0
"(64, 64)",5,0.95,435,cosine,,0.03398708493080693,True,0.0841683366733467,0.04231805134526786
"(64, 64)",5,0.99,1285,l2,,,False,0.07615230460921844,0.030694549590178335
"(64, 64)",5,0.99,1285,l2,,0.01,False,0.0,0.0
"(64, 64)",5,0.99,1285,l2,,0.1,False,0.0,0.0
"(64, 64)",5,0.99,1285,l2,,1.0,False,0.0,0.0
"(64, 64)",5,0.99,1285,l2,,5452.556503610764,True,0.07615230460921844,0.030694549590178335
"(64, 64)",5,0.99,1285,cosine,,,False,0.07949231796927188,0.04158129879970442
"(64, 64)",5,0.99,1285,cosine,,0.01,False,0.07949231796927188,0.04158129879970442
"(64, 64)",5,0.99,1285,cosine,,0.1,False,0.07949231796927188,0.04158129879970442
"(64, 64)",5,0.99,1285,cosine,,1.0,False,0.0,0.0
"(64, 64)",5,0.99,1285,cosine,,0.03245020299187748,True,0.07949231796927188,0.04158129879970442
"(100, 100)",50,0.8,59,l2,,,False,0.40512820512820513,0.334325848562995
"(100, 100)",50,0.8,59,l2,,0.01,False,0.0,0.0
"(100, 100)",50,0.8,59,l2,,0.1,False,0.0,0.0
"(100, 100)",50,0.8,59,l2,,1.0,False,0.0,0.0
"(100, 100)",50,0.8,59,l2,,7445.731492275345,True,0.40512820512820513,0.334325848562995
"(100, 100)",50,0.8,59,cosine,,,False,0.37948717948717947,0.3422111027346731
"(100, 100)",50,0.8,59,cosine,,0.01,False,0.37948717948717947,0.3422111027346731
"(100, 100)",50,0.8,59,cosine,,0.1,False,0.37948717948717947,0.3422111027346731
"(100, 100)",50,0.8,59,cosine,,1.0,False,0.0,0.0
"(100, 100)",50,0.8,59,cosine,,0.007628667581035128,True,0.37948717948717947,0.3422111027346731
"(100, 100)",50,0.9,154,l2,,,False,0.40512820512820513,0.35569745016161686
"(100, 100)",50,0.9,154,l2,,0.01,False,0.0,0.0
"(100, 100)",50,0.9,154,l2,,0.1,False,0.0,0.0
"(100, 100)",50,0.9,154,l2,,1.0,False,0.0,0.0
"(100, 100)",50,0.9,154,l2,,7896.602724760007,True,0.40512820512820513,0.35569745016161686
"(100, 100)",50,0.9,154,cosine,,,False,0.3871794871794872,0.3499067175271009
"(100, 100)",50,0.9,154,cosine,,0.01,False,0.3871794871794872,0.3499067175271009
"(100, 100)",50,0.9,154,cosine,,0.1,False,0.3871794871794872,0.3499067175271009
"(100, 100)",50,0.9,154,cosine,,1.0,False,0.0,0.0
"(100, 100)",50,0.9,154,cosine,,0.007489532108774538,True,0.3871794871794872,0.3499067175271009
"(100, 100)",50,0.95,294,l2,,,False,0.3769230769230769,0.33297906236862235
"(100, 100)",50,0.95,294,l2,,0.01,False,0.0,0.0
"(100, 100)",50,0.95,294,l2,,0.1,False,0.0,0.0
"(100, 100)",50,0.95,294,l2,,1.0,False,0.0,0.0
"(100, 100)",50,0.95,294,l2,,8100.9002026751405,True,0.3769230769230769,0.33297906236862235
"(100, 100)",50,0.95,294,cosine,,,False,0.38974358974358975,0.35579008026202413
"(100, 100)",50,0.95,294,cosine,,0.01,False,0.38974358974358975,0.35579008026202413
"(100, 100)",50,0.95,294,cosine,,0.1,False,0.38974358974358975,0.35579008026202413
"(100, 100)",50,0.95,294,cosine,,1.0,False,0.0,0.0
"(100, 100)",50,0.95,294,cosine,,0.007995583594007899,True,0.38974358974358975,0.35579008026202413
"(100, 100)",50,0.99,636,l2,,,False,0.3641025641025641,0.3202300922543564
"(100, 100)",50,0.99,636,l2,,0.01,False,0.0,0.0
"(100, 100)",50,0.99,636,l2,,0.1,False,0.0,0.0
"(100, 100)",50,0.99,636,l2,,1.0,False,0.0,0.0
"(100, 100)",50,0.99,636,l2,,8268.161563870974,True,0.3641025641025641,0.3202300922543564
"(100, 100)",50,0.99,636,cosine,,,False,0.3769230769230769,0.32814984400933334
"(100, 100)",50,0.99,636,cosine,,0.01,False,0.3769230769230769,0.32814984400933334
"(100, 100)",50,0.99,636,cosine,,0.1,False,0.3769230769230769,0.32814984400933334
"(100, 100)",50,0.99,636,cosine,,1.0,False,0.0,0.0
"(100, 100)",50,0.99,636,cosine,,0.008416304910301375,True,0.3769230769230769,0.32814984400933334
"(100, 100)",25,0.8,60,l2,,,False,0.19165378670788252,0.1337059933690862
"(100, 100)",25,0.8,60,l2,,0.01,False,0.0,0.0
"(100, 100)",25,0.8,60,l2,,0.1,False,0.0,0.0
"(100, 100)",25,0.8,60,l2,,1.0,False,0.0,0.0
"(100, 100)",25,0.8,60,l2,,7535.9907841413715,True,0.19165378670788252,0.1337059933690862
"(100, 100)",25,0.8,60,cosine,,,False,0.2117465224111283,0.15047689633548011
"(100, 100)",25,0.8,60,cosine,,0.01,False,0.2117465224111283,0.15047689633548011
"(100, 100)",25,0.8,60,cosine,,0.1,False,0.2117465224111283,0.15047689633548011
"(100, 100)",25,0.8,60,cosine,,1.0,False,0.0,0.0
"(100, 100)",25,0.8,60,cosine,,0.016430758647126315,True,0.2117465224111283,0.15047689633548011
"(100, 100)",25,0.9,170,l2,,,False,0.18547140649149924,0.13395207729504935
"(100, 100)",25,0.9,170,l2,,0.01,False,0.0,0.0
"(100, 100)",25,0.9,170,l2,,0.1,False,0.0,0.0
"(100, 100)",25,0.9,170,l2,,1.0,False,0.0,0.0
"(100, 100)",25,0.9,170,l2,,8019.811982001573,True,0.18547140649149924,0.13395207729504935
"(100, 100)",25,0.9,170,cosine,,,False,0.21020092735703247,0.15074152351887016
"(100, 100)",25,0.9,170,cosine,,0.01,False,0.21020092735703247,0.15074152351887016
"(100, 100)",25,0.9,170,cosine,,0.1,False,0.21020092735703247,0.15074152351887016
"(100, 100)",25,0.9,170,cosine,,1.0,False,0.0,0.0
"(100, 100)",25,0.9,170,cosine,,0.01448986410566444,True,0.21020092735703247,0.15074152351887016
"(100, 100)",25,0.95,354,l2,,,False,0.19165378670788252,0.1319217322976307
"(100, 100)",25,0.95,354,l2,,0.01,False,0.0,0.0
"(100, 100)",25,0.95,354,l2,,0.1,False,0.0,0.0
"(100, 100)",25,0.95,354,l2,,1.0,False,0.0,0.0
"(100, 100)",25,0.95,354,l2,,8251.634176633359,True,0.19165378670788252,0.1319217322976307
"(100, 100)",25,0.95,354,cosine,,,False,0.20865533230293662,0.15332884658791338
"(100, 100)",25,0.95,354,cosine,,0.01,False,0.20865533230293662,0.15332884658791338
"(100, 100)",25,0.95,354,cosine,,0.1,False,0.20865533230293662,0.15332884658791338
"(100, 100)",25,0.95,354,cosine,,1.0,False,0.0,0.0
"(100, 100)",25,0.95,354,cosine,,0.013493160399615595,True,0.20865533230293662,0.15332884658791338
"(100, 100)",25,0.99,898,l2,,,False,0.18701700154559506,0.1267480496257624
"(100, 100)",25,0.99,898,l2,,0.01,False,0.0,0.0
"(100, 100)",25,0.99,898,l2,,0.1,False,0.0,0.0
"(100, 100)",25,0.99,898,l2,,1.0,False,0.0,0.0
"(100, 100)",25,0.99,898,l2,,8438.202366081918,True,0.18701700154559506,0.1267480496257624
"(100, 100)",25,0.99,898,cosine,,,False,0.21020092735703247,0.1527256416498414
"(100, 100)",25,0.99,898,cosine,,0.01,False,0.21020092735703247,0.1527256416498414
"(100, 100)",25,0.99,898,cosine,,0.1,False,0.21020092735703247,0.1527256416498414
"(100, 100)",25,0.99,898,cosine,,1.0,False,0.0,0.0
"(100, 100)",25,0.99,898,cosine,,0.012087259809762024,True,0.21020092735703247,0.1527256416498414
"(100, 100)",20,0.8,61,l2,,,False,0.16534391534391535,0.10677242171954034
"(100, 100)",20,0.8,61,l2,,0.01,False,0.0,0.0
"(100, 100)",20,0.8,61,l2,,0.1,False,0.0,0.0
"(100, 100)",20,0.8,61,l2,,1.0,False,0.0,0.0
"(100, 100)",20,0.8,61,l2,,7715.316011530062,True,0.16534391534391535,0.10677242171954034
"(100, 100)",20,0.8,61,cosine,,,False,0.17328042328042328,0.11581998433666135
"(100, 100)",20,0.8,61,cosine,,0.01,False,0.17328042328042328,0.11581998433666135
"(100, 100)",20,0.8,61,cosine,,0.1,False,0.17328042328042328,0.11581998433666135
"(100, 100)",20,0.8,61,cosine,,1.0,False,0.0,0.0
"(100, 100)",20,0.8,61,cosine,,0.01579331522304314,True,0.17328042328042328,0.11581998433666135
"(100, 100)",20,0.9,176,l2,,,False,0.16666666666666666,0.1114749633521927
"(100, 100)",20,0.9,176,l2,,0.01,False,0.0,0.0
"(100, 100)",20,0.9,176,l2,,0.1,False,0.0,0.0
"(100, 100)",20,0.9,176,l2,,1.0,False,0.0,0.0
"(100, 100)",20,0.9,176,l2,,8206.469398563233,True,0.16666666666666666,0.1114749633521927
"(100, 100)",20,0.9,176,cosine,,,False,0.17592592592592593,0.12147428066958078
"(100, 100)",20,0.9,176,cosine,,0.01,False,0.17592592592592593,0.12147428066958078
"(100, 100)",20,0.9,176,cosine,,0.1,False,0.17592592592592593,0.12147428066958078
"(100, 100)",20,0.9,176,cosine,,1.0,False,0.0,0.0
"(100, 100)",20,0.9,176,cosine,,0.012057912086476594,True,0.17592592592592593,0.12147428066958078
"(100, 100)",20,0.95,374,l2,,,False,0.167989417989418,0.11131987068141272
"(100, 100)",20,0.95,374,l2,,0.01,False,0.0,0.0
"(100, 100)",20,0.95,374,l2,,0.1,False,0.0,0.0
"(100, 100)",20,0.95,374,l2,,1.0,False,0.0,0.0
"(100, 100)",20,0.95,374,l2,,8418.063278583351,True,0.167989417989418,0.11131987068141272
"(100, 100)",20,0.95,374,cosine,,,False,0.1693121693121693,0.10947947887589253
"(100, 100)",20,0.95,374,cosine,,0.01,False,0.1693121693121693,0.10947947887589253
"(100, 100)",20,0.95,374,cosine,,0.1,False,0.1693121693121693,0.10947947887589253
"(100, 100)",20,0.95,374,cosine,,1.0,False,0.0,0.0
"(100, 100)",20,0.95,374,cosine,,0.010594518807291398,True,0.1693121693121693,0.10947947887589253
"(100, 100)",20,0.99,993,l2,,,False,0.164021164021164,0.11031989518770355
"(100, 100)",20,0.99,993,l2,,0.01,False,0.0,0.0
"(100, 100)",20,0.99,993,l2,,0.1,False,0.0,0.0
"(100, 100)",20,0.99,993,l2,,1.0,False,0.0,0.0
"(100, 100)",20,0.99,993,l2,,8606.46396566452,True,0.164021164021164,0.11031989518770355
"(100, 100)",20,0.99,993,cosine,,,False,0.17063492063492064,0.11212338196770685
"(100, 100)",20,0.99,993,cosine,,0.01,False,0.17063492063492064,0.11212338196770685
"(100, 100)",20,0.99,993,cosine,,0.1,False,0.17063492063492064,0.11212338196770685
"(100, 100)",20,0.99,993,cosine,,1.0,False,0.0,0.0
"(100, 100)",20,0.99,993,cosine,,0.010364441349904857,True,0.17063492063492064,0.11212338196770685
"(100, 100)",10,0.8,62,l2,,,False,0.10730804810360776,0.05496089460425232
"(100, 100)",10,0.8,62,l2,,0.01,False,0.0,0.0
"(100, 100)",10,0.8,62,l2,,0.1,False,0.0,0.0
"(100, 100)",10,0.8,62,l2,,1.0,False,0.0,0.0
"(100, 100)",10,0.8,62,l2,,7546.684059711766,True,0.10730804810360776,0.05496089460425232
"(100, 100)",10,0.8,62,cosine,,,False,0.11008325624421832,0.05601225088551148
"(100, 100)",10,0.8,62,cosine,,0.01,False,0.11008325624421832,0.05601225088551148
"(100, 100)",10,0.8,62,cosine,,0.1,False,0.11008325624421832,0.05601225088551148
"(100, 100)",10,0.8,62,cosine,,1.0,False,0.0,0.0
"(100, 100)",10,0.8,62,cosine,,0.01862248097536462,True,0.11008325624421832,0.05601225088551148
"(100, 100)",10,0.9,186,l2,,,False,0.1036077705827937,0.053561609151994566
"(100, 100)",10,0.9,186,l2,,0.01,False,0.0,0.0
"(100, 100)",10,0.9,186,l2,,0.1,False,0.0,0.0
"(100, 100)",10,0.9,186,l2,,1.0,False,0.0,0.0
"(100, 100)",10,0.9,186,l2,,8056.60464439617,True,0.1036077705827937,0.053561609151994566
"(100, 100)",10,0.9,186,cosine,,,False,0.11193339500462535,0.05520701165879724
"(100, 100)",10,0.9,186,cosine,,0.01,False,0.11193339500462535,0.05520701165879724
"(100, 100)",10,0.9,186,cosine,,0.1,False,0.11193339500462535,0.05520701165879724
"(100, 100)",10,0.9,186,cosine,,1.0,False,0.0,0.0
"(100, 100)",10,0.9,186,cosine,,0.016408499868049042,True,0.11193339500462535,0.05520701165879724
"(100, 100)",10,0.95,414,l2,,,False,0.11378353376503238,0.06212426795885742
"(100, 100)",10,0.95,414,l2,,0.01,False,0.0,0.0
"(100, 100)",10,0.95,414,l2,,0.1,False,0.0,0.0
"(100, 100)",10,0.95,414,l2,,1.0,False,0.0,0.0
"(100, 100)",10,0.95,414,l2,,8289.212304013665,True,0.11378353376503238,0.06212426795885742
"(100, 100)",10,0.95,414,cosine,,,False,0.11933395004625347,0.0573488454995965
"(100, 100)",10,0.95,414,cosine,,0.01,False,0.11933395004625347,0.0573488454995965
"(100, 100)",10,0.95,414,cosine,,0.1,False,0.11933395004625347,0.0573488454995965
"(100, 100)",10,0.95,414,cosine,,1.0,False,0.0,0.0
"(100, 100)",10,0.95,414,cosine,,0.015235005846950006,True,0.11933395004625347,0.0573488454995965
"(100, 100)",10,0.99,1218,l2,,,False,0.11100832562442182,0.06132278898382664
"(100, 100)",10,0.99,1218,l2,,0.01,False,0.0,0.0
"(100, 100)",10,0.99,1218,l2,,0.1,False,0.0,0.0
"(100, 100)",10,0.99,1218,l2,,1.0,False,0.0,0.0
"(100, 100)",10,0.99,1218,l2,,8484.788116397169,True,0.11100832562442182,0.06132278898382664
"(100, 100)",10,0.99,1218,cosine,,,False,0.11933395004625347,0.05828807040493392
"(100, 100)",10,0.99,1218,cosine,,0.01,False,0.11933395004625347,0.05828807040493392
"(100, 100)",10,0.99,1218,cosine,,0.1,False,0.11933395004625347,0.05828807040493392
"(100, 100)",10,0.99,1218,cosine,,1.0,False,0.0,0.0
"(100, 100)",10,0.99,1218,cosine,,0.01459443734559529,True,0.11933395004625347,0.05828807040493392
"(100, 100)",5,0.8,62,l2,,,False,0.08016032064128256,0.04130798658051535
"(100, 100)",5,0.8,62,l2,,0.01,False,0.0,0.0
"(100, 100)",5,0.8,62,l2,,0.1,False,0.0,0.0
"(100, 100)",5,0.8,62,l2,,1.0,False,0.0,0.0
"(100, 100)",5,0.8,62,l2,,7542.384617574214,True,0.08016032064128256,0.04130798658051535
"(100, 100)",5,0.8,62,cosine,,,False,0.07414829659318638,0.03892618696719369
"(100, 100)",5,0.8,62,cosine,,0.01,False,0.07414829659318638,0.03892618696719369
"(100, 100)",5,0.8,62,cosine,,0.1,False,0.07414829659318638,0.03892618696719369
"(100, 100)",5,0.8,62,cosine,,1.0,False,0.0,0.0
"(100, 100)",5,0.8,62,cosine,,0.040648779617327435,True,0.07414829659318638,0.03892618696719369
"(100, 100)",5,0.9,194,l2,,,False,0.0841683366733467,0.039596879834601036
"(100, 100)",5,0.9,194,l2,,0.01,False,0.0,0.0
"(100, 100)",5,0.9,194,l2,,0.1,False,0.0,0.0
"(100, 100)",5,0.9,194,l2,,1.0,False,0.0,0.0
"(100, 100)",5,0.9,194,l2,,8066.264659452664,True,0.0841683366733467,0.039596879834601036
"(100, 100)",5,0.9,194,cosine,,,False,0.08016032064128256,0.03804848503595692
"(100, 100)",5,0.9,194,cosine,,0.01,False,0.08016032064128256,0.03804848503595692
"(100, 100)",5,0.9,194,cosine,,0.1,False,0.08016032064128256,0.03804848503595692
"(100, 100)",5,0.9,194,cosine,,1.0,False,0.0,0.0
"(100, 100)",5,0.9,194,cosine,,0.036018609958019934,True,0.08016032064128256,0.03804848503595692
"(100, 100)",5,0.95,449,l2,,,False,0.08149632598530394,0.032032887287427904
"(100, 100)",5,0.95,449,l2,,0.01,False,0.0,0.0
"(100, 100)",5,0.95,449,l2,,0.1,False,0.0,0.0
"(100, 100)",5,0.95,449,l2,,1.0,False,0.0,0.0
"(100, 100)",5,0.95,449,l2,,8306.525201895434,True,0.08149632598530394,0.032032887287427904
"(100, 100)",5,0.95,449,cosine,,,False,0.08216432865731463,0.04107729055501053
"(100, 100)",5,0.95,449,cosine,,0.01,False,0.08216432865731463,0.04107729055501053
"(100, 100)",5,0.95,449,cosine,,0.1,False,0.08216432865731463,0.04107729055501053
"(100, 100)",5,0.95,449,cosine,,1.0,False,0.0,0.0
"(100, 100)",5,0.95,449,cosine,,0.033837431016247296,True,0.08216432865731463,0.04107729055501053
"(100, 100)",5,0.99,1433,l2,,,False,0.07748830995323981,0.03037798213916829
"(100, 100)",5,0.99,1433,l2,,0.01,False,0.0,0.0
"(100, 100)",5,0.99,1433,l2,,0.1,False,0.0,0.0
"(100, 100)",5,0.99,1433,l2,,1.0,False,0.0,0.0
"(100, 100)",5,0.99,1433,l2,,8507.290210897283,True,0.07748830995323981,0.03037798213916829
"(100, 100)",5,0.99,1433,cosine,,,False,0.0788243152972612,0.04010347788216916
"(100, 100)",5,0.99,1433,cosine,,0.01,False,0.0788243152972612,0.04010347788216916
"(100, 100)",5,0.99,1433,cosine,,0.1,False,0.0788243152972612,0.04010347788216916
"(100, 100)",5,0.99,1433,cosine,,1.0,False,0.0,0.0
"(100, 100)",5,0.99,1433,cosine,,0.03222700723692061,True,0.0788243152972612,0.04010347788216916
"(250, 250)",50,0.8,63,l2,,,False,0.4025641025641026,0.3348667284100761
"(250, 250)",50,0.8,63,l2,,0.01,False,0.0,0.0
"(250, 250)",50,0.8,63,l2,,0.1,False,0.0,0.0
"(250, 250)",50,0.8,63,l2,,1.0,False,0.0,0.0
"(250, 250)",50,0.8,63,l2,,18696.430615110134,True,0.4025641025641026,0.3348667284100761
"(250, 250)",50,0.8,63,cosine,,,False,0.38461538461538464,0.3397853064132023
"(250, 250)",50,0.8,63,cosine,,0.01,False,0.38461538461538464,0.3397853064132023
"(250, 250)",50,0.8,63,cosine,,0.1,False,0.38461538461538464,0.3397853064132023
"(250, 250)",50,0.8,63,cosine,,1.0,False,0.0,0.0
"(250, 250)",50,0.8,63,cosine,,0.006863214076070365,True,0.38461538461538464,0.3397853064132023
"(250, 250)",50,0.9,166,l2,,,False,0.4025641025641026,0.35116499956721153
"(250, 250)",50,0.9,166,l2,,0.01,False,0.0,0.0
"(250, 250)",50,0.9,166,l2,,0.1,False,0.0,0.0
"(250, 250)",50,0.9,166,l2,,1.0,False,0.0,0.0
"(250, 250)",50,0.9,166,l2,,19800.78672012226,True,0.4025641025641026,0.35116499956721153
"(250, 250)",50,0.9,166,cosine,,,False,0.3923076923076923,0.351778639659754
"(250, 250)",50,0.9,166,cosine,,0.01,False,0.3923076923076923,0.351778639659754
"(250, 250)",50,0.9,166,cosine,,0.1,False,0.3923076923076923,0.351778639659754
"(250, 250)",50,0.9,166,cosine,,1.0,False,0.0,0.0
"(250, 250)",50,0.9,166,cosine,,0.0077543999259011565,True,0.3923076923076923,0.351778639659754
"(250, 250)",50,0.95,318,l2,,,False,0.37948717948717947,0.33842876272630096
"(250, 250)",50,0.95,318,l2,,0.01,False,0.0,0.0
"(250, 250)",50,0.95,318,l2,,0.1,False,0.0,0.0
"(250, 250)",50,0.95,318,l2,,1.0,False,0.0,0.0
"(250, 250)",50,0.95,318,l2,,20285.147435405597,True,0.37948717948717947,0.33842876272630096
"(250, 250)",50,0.95,318,cosine,,,False,0.39487179487179486,0.35237928169416355
"(250, 250)",50,0.95,318,cosine,,0.01,False,0.39487179487179486,0.35237928169416355
"(250, 250)",50,0.95,318,cosine,,0.1,False,0.39487179487179486,0.35237928169416355
"(250, 250)",50,0.95,318,cosine,,1.0,False,0.0,0.0
"(250, 250)",50,0.95,318,cosine,,0.007704693645620861,True,0.39487179487179486,0.35237928169416355
"(250, 250)",50,0.99,667,l2,,,False,0.36666666666666664,0.32062015984755804
"(250, 250)",50,0.99,667,l2,,0.01,False,0.0,0.0
"(250, 250)",50,0.99,667,l2,,0.1,False,0.0,0.0
"(250, 250)",50,0.99,667,l2,,1.0,False,0.0,0.0
"(250, 250)",50,0.99,667,l2,,20655.062582217215,True,0.36666666666666664,0.32062015984755804
"(250, 250)",50,0.99,667,cosine,,,False,0.37948717948717947,0.32813128743562886
"(250, 250)",50,0.99,667,cosine,,0.01,False,0.37948717948717947,0.32813128743562886
"(250, 250)",50,0.99,667,cosine,,0.1,False,0.37948717948717947,0.32813128743562886
"(250, 250)",50,0.99,667,cosine,,1.0,False,0.0,0.0
"(250, 250)",50,0.99,667,cosine,,0.008147200372448746,True,0.37948717948717947,0.32813128743562886
"(250, 250)",25,0.8,64,l2,,,False,0.1901081916537867,0.12924154588337675
"(250, 250)",25,0.8,64,l2,,0.01,False,0.0,0.0
"(250, 250)",25,0.8,64,l2,,0.1,False,0.0,0.0
"(250, 250)",25,0.8,64,l2,,1.0,False,0.0,0.0
"(250, 250)",25,0.8,64,l2,,18933.461568536397,True,0.1901081916537867,0.12924154588337675
"(250, 250)",25,0.8,64,cosine,,,False,0.21483771251931993,0.15396128773048712
"(250, 250)",25,0.8,64,cosine,,0.01,False,0.21483771251931993,0.15396128773048712
"(250, 250)",25,0.8,64,cosine,,0.1,False,0.21483771251931993,0.15396128773048712
"(250, 250)",25,0.8,64,cosine,,1.0,False,0.0,0.0
"(250, 250)",25,0.8,64,cosine,,0.017607817256804437,True,0.21483771251931993,0.15396128773048712
"(250, 250)",25,0.9,186,l2,,,False,0.18238021638330756,0.13083999610914465
"(250, 250)",25,0.9,186,l2,,0.01,False,0.0,0.0
"(250, 250)",25,0.9,186,l2,,0.1,False,0.0,0.0
"(250, 250)",25,0.9,186,l2,,1.0,False,0.0,0.0
"(250, 250)",25,0.9,186,l2,,20131.21205655745,True,0.18238021638330756,0.13083999610914465
"(250, 250)",25,0.9,186,cosine,,,False,0.2132921174652241,0.1543682046433733
"(250, 250)",25,0.9,186,cosine,,0.01,False,0.2132921174652241,0.1543682046433733
"(250, 250)",25,0.9,186,cosine,,0.1,False,0.2132921174652241,0.1543682046433733
"(250, 250)",25,0.9,186,cosine,,1.0,False,0.0,0.0
"(250, 250)",25,0.9,186,cosine,,0.014704393476954986,True,0.2132921174652241,0.1543682046433733
"(250, 250)",25,0.95,390,l2,,,False,0.1901081916537867,0.13102205996163946
"(250, 250)",25,0.95,390,l2,,0.01,False,0.0,0.0
"(250, 250)",25,0.95,390,l2,,0.1,False,0.0,0.0
"(250, 250)",25,0.95,390,l2,,1.0,False,0.0,0.0
"(250, 250)",25,0.95,390,l2,,20676.31888509084,True,0.1901081916537867,0.13102205996163946
"(250, 250)",25,0.95,390,cosine,,,False,0.20865533230293662,0.15338890227881133
"(250, 250)",25,0.95,390,cosine,,0.01,False,0.20865533230293662,0.15338890227881133
"(250, 250)",25,0.95,390,cosine,,0.1,False,0.20865533230293662,0.15338890227881133
"(250, 250)",25,0.95,390,cosine,,1.0,False,0.0,0.0
"(250, 250)",25,0.95,390,cosine,,0.01339269977436329,True,0.20865533230293662,0.15338890227881133
"(250, 250)",25,0.99,970,l2,,,False,0.18856259659969088,0.12568414983158635
"(250, 250)",25,0.99,970,l2,,0.01,False,0.0,0.0
"(250, 250)",25,0.99,970,l2,,0.1,False,0.0,0.0
"(250, 250)",25,0.99,970,l2,,1.0,False,0.0,0.0
"(250, 250)",25,0.99,970,l2,,21094.220724600043,True,0.18856259659969088,0.12568414983158635
"(250, 250)",25,0.99,970,cosine,,,False,0.20865533230293662,0.15021332471128476
"(250, 250)",25,0.99,970,cosine,,0.01,False,0.20865533230293662,0.15021332471128476
"(250, 250)",25,0.99,970,cosine,,0.1,False,0.20865533230293662,0.15021332471128476
"(250, 250)",25,0.99,970,cosine,,1.0,False,0.0,0.0
"(250, 250)",25,0.99,970,cosine,,0.012222325901411119,True,0.20865533230293662,0.15021332471128476
"(250, 250)",20,0.8,65,l2,,,False,0.17063492063492064,0.10888774460702082
"(250, 250)",20,0.8,65,l2,,0.01,False,0.0,0.0
"(250, 250)",20,0.8,65,l2,,0.1,False,0.0,0.0
"(250, 250)",20,0.8,65,l2,,1.0,False,0.0,0.0
"(250, 250)",20,0.8,65,l2,,19365.335872302014,True,0.17063492063492064,0.10888774460702082
"(250, 250)",20,0.8,65,cosine,,,False,0.17989417989417988,0.1230507079811415
"(250, 250)",20,0.8,65,cosine,,0.01,False,0.17989417989417988,0.1230507079811415
"(250, 250)",20,0.8,65,cosine,,0.1,False,0.17989417989417988,0.1230507079811415
"(250, 250)",20,0.8,65,cosine,,1.0,False,0.0,0.0
"(250, 250)",20,0.8,65,cosine,,0.015115043865677469,True,0.17989417989417988,0.1230507079811415
"(250, 250)",20,0.9,193,l2,,,False,0.167989417989418,0.11101902203496218
"(250, 250)",20,0.9,193,l2,,0.01,False,0.0,0.0
"(250, 250)",20,0.9,193,l2,,0.1,False,0.0,0.0
"(250, 250)",20,0.9,193,l2,,1.0,False,0.0,0.0
"(250, 250)",20,0.9,193,l2,,20580.867615767405,True,0.167989417989418,0.11101902203496218
"(250, 250)",20,0.9,193,cosine,,,False,0.17857142857142858,0.12200896851470099
"(250, 250)",20,0.9,193,cosine,,0.01,False,0.17857142857142858,0.12200896851470099
"(250, 250)",20,0.9,193,cosine,,0.1,False,0.17857142857142858,0.12200896851470099
"(250, 250)",20,0.9,193,cosine,,1.0,False,0.0,0.0
"(250, 250)",20,0.9,193,cosine,,0.01192086347801892,True,0.17857142857142858,0.12200896851470099
"(250, 250)",20,0.95,415,l2,,,False,0.17063492063492064,0.11385997388146878
"(250, 250)",20,0.95,415,l2,,0.01,False,0.0,0.0
"(250, 250)",20,0.95,415,l2,,0.1,False,0.0,0.0
"(250, 250)",20,0.95,415,l2,,1.0,False,0.0,0.0
"(250, 250)",20,0.95,415,l2,,21100.925144186513,True,0.17063492063492064,0.11385997388146878
"(250, 250)",20,0.95,415,cosine,,,False,0.1693121693121693,0.10789555214691145
"(250, 250)",20,0.95,415,cosine,,0.01,False,0.1693121693121693,0.10789555214691145
"(250, 250)",20,0.95,415,cosine,,0.1,False,0.1693121693121693,0.10789555214691145
"(250, 250)",20,0.95,415,cosine,,1.0,False,0.0,0.0
"(250, 250)",20,0.95,415,cosine,,0.010665547726040447,True,0.1693121693121693,0.10789555214691145
"(250, 250)",20,0.99,1085,l2,,,False,0.1626984126984127,0.10779681295602685
"(250, 250)",20,0.99,1085,l2,,0.01,False,0.0,0.0
"(250, 250)",20,0.99,1085,l2,,0.1,False,0.0,0.0
"(250, 250)",20,0.99,1085,l2,,1.0,False,0.0,0.0
"(250, 250)",20,0.99,1085,l2,,21518.225406088975,True,0.1626984126984127,0.10779681295602685
"(250, 250)",20,0.99,1085,cosine,,,False,0.17328042328042328,0.11457439100697826
"(250, 250)",20,0.99,1085,cosine,,0.01,False,0.17328042328042328,0.11457439100697826
"(250, 250)",20,0.99,1085,cosine,,0.1,False,0.17328042328042328,0.11457439100697826
"(250, 250)",20,0.99,1085,cosine,,1.0,False,0.0,0.0
"(250, 250)",20,0.99,1085,cosine,,0.010323981318785397,True,0.17328042328042328,0.11457439100697826
"(250, 250)",10,0.8,66,l2,,,False,0.1091581868640148,0.0541105200120905
"(250, 250)",10,0.8,66,l2,,0.01,False,0.0,0.0
"(250, 250)",10,0.8,66,l2,,0.1,False,0.0,0.0
"(250, 250)",10,0.8,66,l2,,1.0,False,0.0,0.0
"(250, 250)",10,0.8,66,l2,,18938.52393407016,True,0.1091581868640148,0.0541105200120905
"(250, 250)",10,0.8,66,cosine,,,False,0.10638297872340426,0.05360806818682995
"(250, 250)",10,0.8,66,cosine,,0.01,False,0.10638297872340426,0.05360806818682995
"(250, 250)",10,0.8,66,cosine,,0.1,False,0.10638297872340426,0.05360806818682995
"(250, 250)",10,0.8,66,cosine,,1.0,False,0.0,0.0
"(250, 250)",10,0.8,66,cosine,,0.018650275224665502,True,0.10638297872340426,0.05360806818682995
"(250, 250)",10,0.9,205,l2,,,False,0.10545790934320073,0.05637159432561477
"(250, 250)",10,0.9,205,l2,,0.01,False,0.0,0.0
"(250, 250)",10,0.9,205,l2,,0.1,False,0.0,0.0
"(250, 250)",10,0.9,205,l2,,1.0,False,0.0,0.0
"(250, 250)",10,0.9,205,l2,,20218.769213290936,True,0.10545790934320073,0.05637159432561477
"(250, 250)",10,0.9,205,cosine,,,False,0.10823311748381129,0.051691005612575655
"(250, 250)",10,0.9,205,cosine,,0.01,False,0.10823311748381129,0.051691005612575655
"(250, 250)",10,0.9,205,cosine,,0.1,False,0.10823311748381129,0.051691005612575655
"(250, 250)",10,0.9,205,cosine,,1.0,False,0.0,0.0
"(250, 250)",10,0.9,205,cosine,,0.016411685900712958,True,0.10823311748381129,0.051691005612575655
"(250, 250)",10,0.95,467,l2,,,False,0.1091581868640148,0.06078179141362998
"(250, 250)",10,0.95,467,l2,,0.01,False,0.0,0.0
"(250, 250)",10,0.95,467,l2,,0.1,False,0.0,0.0
"(250, 250)",10,0.95,467,l2,,1.0,False,0.0,0.0
"(250, 250)",10,0.95,467,l2,,20787.560744560265,True,0.1091581868640148,0.06078179141362998
"(250, 250)",10,0.95,467,cosine,,,False,0.11840888066604996,0.05633033485456821
"(250, 250)",10,0.95,467,cosine,,0.01,False,0.11840888066604996,0.05633033485456821
"(250, 250)",10,0.95,467,cosine,,0.1,False,0.11840888066604996,0.05633033485456821
"(250, 250)",10,0.95,467,cosine,,1.0,False,0.0,0.0
"(250, 250)",10,0.95,467,cosine,,0.015217974681833182,True,0.11840888066604996,0.05633033485456821
"(250, 250)",10,0.99,1372,l2,,,False,0.11008325624421832,0.06117226254570228
"(250, 250)",10,0.99,1372,l2,,0.01,False,0.0,0.0
"(250, 250)",10,0.99,1372,l2,,0.1,False,0.0,0.0
"(250, 250)",10,0.99,1372,l2,,1.0,False,0.0,0.0
"(250, 250)",10,0.99,1372,l2,,21231.1536248689,True,0.11008325624421832,0.06117226254570228
"(250, 250)",10,0.99,1372,cosine,,,False,0.11840888066604996,0.058489549490305506
"(250, 250)",10,0.99,1372,cosine,,0.01,False,0.11840888066604996,0.058489549490305506
"(250, 250)",10,0.99,1372,cosine,,0.1,False,0.11840888066604996,0.058489549490305506
"(250, 250)",10,0.99,1372,cosine,,1.0,False,0.0,0.0
"(250, 250)",10,0.99,1372,cosine,,0.014558847234178232,True,0.11840888066604996,0.058489549490305506
"(250, 250)",5,0.8,67,l2,,,False,0.0781563126252505,0.04035460161619154
"(250, 250)",5,0.8,67,l2,,0.01,False,0.0,0.0
"(250, 250)",5,0.8,67,l2,,0.1,False,0.0,0.0
"(250, 250)",5,0.8,67,l2,,1.0,False,0.0,0.0
"(250, 250)",5,0.8,67,l2,,18980.04841141853,True,0.0781563126252505,0.04035460161619154
"(250, 250)",5,0.8,67,cosine,,,False,0.07481629926519706,0.03881004453185363
"(250, 250)",5,0.8,67,cosine,,0.01,False,0.07481629926519706,0.03881004453185363
"(250, 250)",5,0.8,67,cosine,,0.1,False,0.07481629926519706,0.03881004453185363
"(250, 250)",5,0.8,67,cosine,,1.0,False,0.0,0.0
"(250, 250)",5,0.8,67,cosine,,0.039962251776057306,True,0.07481629926519706,0.03881004453185363
"(250, 250)",5,0.9,215,l2,,,False,0.08350033400133601,0.03688485141737293
"(250, 250)",5,0.9,215,l2,,0.01,False,0.0,0.0
"(250, 250)",5,0.9,215,l2,,0.1,False,0.0,0.0
"(250, 250)",5,0.9,215,l2,,1.0,False,0.0,0.0
"(250, 250)",5,0.9,215,l2,,20247.889719676634,True,0.08350033400133601,0.03688485141737293
"(250, 250)",5,0.9,215,cosine,,,False,0.08016032064128256,0.03837404345913199
"(250, 250)",5,0.9,215,cosine,,0.01,False,0.08016032064128256,0.03837404345913199
"(250, 250)",5,0.9,215,cosine,,0.1,False,0.08016032064128256,0.03837404345913199
"(250, 250)",5,0.9,215,cosine,,1.0,False,0.0,0.0
"(250, 250)",5,0.9,215,cosine,,0.03561531945423489,True,0.08016032064128256,0.03837404345913199
"(250, 250)",5,0.95,514,l2,,,False,0.08149632598530394,0.032036429544605324
"(250, 250)",5,0.95,514,l2,,0.01,False,0.0,0.0
"(250, 250)",5,0.95,514,l2,,0.1,False,0.0,0.0
"(250, 250)",5,0.95,514,l2,,1.0,False,0.0,0.0
"(250, 250)",5,0.95,514,l2,,20842.53488875077,True,0.08149632598530394,0.032036429544605324
"(250, 250)",5,0.95,514,cosine,,,False,0.08149632598530394,0.041155999177849636
"(250, 250)",5,0.95,514,cosine,,0.01,False,0.08149632598530394,0.041155999177849636
"(250, 250)",5,0.95,514,cosine,,0.1,False,0.08149632598530394,0.041155999177849636
"(250, 250)",5,0.95,514,cosine,,1.0,False,0.0,0.0
"(250, 250)",5,0.95,514,cosine,,0.033399433915122456,True,0.08149632598530394,0.041155999177849636
"(250, 250)",5,0.99,1666,l2,,,False,0.07682030728122913,0.03132622893113096
"(250, 250)",5,0.99,1666,l2,,0.01,False,0.0,0.0
"(250, 250)",5,0.99,1666,l2,,0.1,False,0.0,0.0
"(250, 250)",5,0.99,1666,l2,,1.0,False,0.0,0.0
"(250, 250)",5,0.99,1666,l2,,21301.19026570775,True,0.07682030728122913,0.03132622893113096
"(250, 250)",5,0.99,1666,cosine,,,False,0.08082832331329326,0.041120056658488606
"(250, 250)",5,0.99,1666,cosine,,0.01,False,0.08082832331329326,0.041120056658488606
"(250, 250)",5,0.99,1666,cosine,,0.1,False,0.08082832331329326,0.041120056658488606
"(250, 250)",5,0.99,1666,cosine,,1.0,False,0.0,0.0
"(250, 250)",5,0.99,1666,cosine,,0.03233215329346979,True,0.08082832331329326,0.041120056658488606
